nconst,primaryName,birthYear,deathYear,primaryProfession,knownForTitles
nm0000004,John Belushi,1949,1982,"actor,soundtrack,writer","tt0078723,tt0077975,tt0072562,tt0080455"
nm0000101,Dan Aykroyd,1952,\N,"writer,actor,producer","tt0097428,tt0080455,tt0118747,tt0087332"
nm0000195,Bill Murray,1950,\N,"actor,soundtrack,writer","tt1748122,tt0335266,tt0362270,tt0128445"
nm0000196,Mike Myers,1963,\N,"actor,writer,soundtrack","tt0811138,tt0295178,tt0118655,tt0145660"
nm0000331,Chevy Chase,1943,\N,"actor,writer,soundtrack","tt0080487,tt0085995,tt0097958,tt0092086"
nm0000345,Billy Crystal,1948,\N,"actor,writer,producer","tt0122933,tt0098635,tt0101587,tt0113097"
nm0000349,Joan Cusack,1962,\N,"actress,soundtrack,writer","tt0119360,tt0119229,tt0096463,tt1659337"
nm0000375,Robert Downey Jr.,1965,\N,"actor,producer,soundtrack","tt1300854,tt0848228,tt0371746,tt0988045"
nm0000394,Chris Farley,1964,1997,"actor,soundtrack,stunts","tt0114694,tt0115697,tt0106598,tt0118708"
nm0000413,Janeane Garofalo,1964,\N,"actress,writer,producer","tt0117979,tt0132347,tt0243655,tt0382932"
nm0000506,Julia Louis-Dreyfus,1961,\N,"actress,producer,soundtrack","tt0098904,tt2390361,tt0462128,tt1759761"
nm0000552,Eddie Murphy,1961,\N,"actor,writer,producer","tt0443489,tt0094898,tt0126029,tt0117218"
nm0000902,Jim Belushi,1954,\N,"actor,music_department,producer","tt0117468,tt0097637,tt0072562,tt0095963"
nm0001022,Dana Carvey,1955,\N,"actor,soundtrack,writer","tt0105793,tt0108525,tt0295427,tt0072562"
nm0001191,Adam Sandler,1966,\N,"actor,producer,writer","tt0185431,tt0142342,tt0120888,tt0120484"
nm0001302,Christopher Guest,1948,\N,"actor,writer,soundtrack","tt0118111,tt0218839,tt0088258,tt0310281"
nm0001309,Anthony Michael Hall,1968,\N,"actor,producer,soundtrack","tt0468569,tt2361317,tt1100089,tt4758646"
nm0001484,Jon Lovitz,1957,\N,"actor,soundtrack,writer","tt0147612,tt0437863,tt0107659,tt0104694"
nm0001542,Jay Mohr,1970,\N,"actor,writer,producer","tt0180052,tt0120241,tt0139239,tt0116695"
nm0001642,Randy Quaid,1950,\N,"actor,soundtrack,producer","tt0116629,tt0116778,tt0097958,tt0388795"
nm0001674,Chris Rock,1965,\N,"producer,actor,writer","tt2784678,tt0398165,tt0351283,tt0325537"
nm0001705,Rob Schneider,1963,\N,"actor,writer,producer","tt0205000,tt0255798,tt0302640,tt0367652"
nm0001737,Martin Short,1950,\N,"actor,writer,producer","tt0452681,tt1791528,tt0093260,tt0092086"
nm0001774,Ben Stiller,1965,\N,"producer,actor,director","tt0942385,tt1608290,tt0196229,tt0359950"
nm0001834,Damon Wayans,1960,\N,"actor,writer,producer","tt0104897,tt0273855,tt0102266,tt0110443"
nm0002056,Christine Ebersole,1953,\N,"actress,soundtrack","tt0086879,tt0993846,tt0115697,tt0110989"
nm0002071,Will Ferrell,1967,\N,"producer,actor,soundtrack","tt0445934,tt1229340,tt0357413,tt0415306"
nm0004852,Jane Curtin,1947,\N,"actress,soundtrack","tt1155056,tt0106598,tt0086742,tt0115082"
nm0004887,Nora Dunn,1952,\N,"actress,soundtrack,writer","tt0405336,tt0910936,tt0157503,tt0120188"
nm0005218,Tim Meadows,1961,\N,"actor,writer,soundtrack","tt0213790,tt0841046,tt3960412,tt0377092"
nm0005265,Kevin Nealon,1953,\N,"actor,writer,soundtrack","tt0439100,tt0120888,tt0072562,tt0116483"
nm0005450,David Spade,1964,\N,"actor,writer,producer","tt0245686,tt0114694,tt0437863,tt0120917"
nm0035488,Fred Armisen,1966,\N,"music_department,actor,writer","tt1282140,tt1780441,tt0072562,tt0357413"
nm0043839,Peter Aykroyd,1955,2021,"writer,producer,actor","tt0102558,tt0095687,tt0090056,tt0106598"
nm0052218,Morwenna Banks,1961,\N,"actress,writer,producer","tt2245003,tt0466664,tt0760141,tt5839960"
nm0108028,Jim Breuer,1967,\N,"actor,producer,writer","tt1222817,tt0144168,tt0120913,tt0120693"
nm0112944,A. Whitney Brown,1952,\N,"writer,actor","tt0072562,tt0166039,tt0096708,tt1094991"
nm0128639,Beth Cahill,\N,\N,"actress,costume_designer,miscellaneous","tt0262411,tt0164930,tt0155764,tt0072562"
nm0165971,Ellen Cleghorne,1965,\N,"actress,writer,soundtrack","tt2126357,tt0185431,tt0200550,tt0120591"
nm0168642,George Coe,1929,2015,"actor,producer,director","tt0089901,tt0073747,tt0092666,tt1399103"
nm0203457,Pete Davidson,1993,\N,"actor,producer,writer","tt9686708,tt6334354,tt5304992,tt0800325"
nm0205569,Tom Davis,1952,2012,"writer,actor,producer","tt0072562,tt0106598,tt0251075,tt0086465"
nm0205570,Tom Davis,\N,\N,"sound_department,music_department","tt0087998,tt0100613,tt0120241,tt0803033"
nm0205571,Tom Davis,\N,\N,actor,"tt0463970,tt0124718"
nm0205572,Tom Davis,\N,\N,art_department,tt0118632
nm0226986,Denny Dillon,1951,\N,"actress,soundtrack","tt0475276,tt0268380,tt0098780,tt0076666"
nm0236519,Brian Doyle-Murray,1945,\N,"actor,writer,producer","tt0097958,tt0105793,tt0080487,tt0102138"
nm0237222,Rachel Dratch,1966,\N,"actress,soundtrack,miscellaneous","tt8169446,tt1564367,tt0389860,tt0814331"
nm0241208,Robin Duke,1954,\N,"actress,writer,soundtrack","tt0075578,tt0072562,tt0107048,tt0117108"
nm0249931,Dean Edwards,1970,\N,"actor,writer,soundtrack","tt0910898,tt2784678,tt0421143,tt0413300"
nm0254402,Chris Elliott,1960,\N,"actor,writer,producer","tt0107048,tt0109361,tt0129387,tt0096754"
nm0254403,Chris Elliott,\N,\N,"production_designer,set_decorator,art_department","tt0103873,tt0110311,tt0834001,tt0107822"
nm0254404,Chris Elliott,\N,\N,director,tt0222820
nm0266422,Jimmy Fallon,1974,\N,"writer,soundtrack,producer","tt1231460,tt3444938,tt0316732,tt0332047"
nm0275486,Tina Fey,1970,\N,"writer,actress,producer","tt1850457,tt0377092,tt0496424,tt1279935"
nm0287182,Will Forte,1970,\N,"actor,writer,producer","tt1470023,tt3230454,tt1821549,tt1490017"
nm0291253,Al Franken,1951,\N,"writer,producer,actor","tt0086465,tt0072562,tt0368008,tt0114571"
nm0309430,Ana Gasteyer,1967,\N,"actress,soundtrack,producer","tt0377092,tt1232200,tt0207201,tt4366830"
nm0331906,Gilbert Gottfried,1955,\N,"actor,writer,soundtrack","tt0092644,tt0098987,tt0100419,tt0103639"
nm0343444,Mary Gross,1953,\N,"actress,writer,soundtrack","tt0243736,tt0120791,tt0072562,tt0094846"
nm0352778,Bill Hader,1978,\N,"actor,writer,producer","tt3152624,tt1571249,tt2096673,tt7349950"
nm0355357,Brad Hall,1958,\N,"writer,producer,actor","tt0120623,tt0101055,tt6388738,tt2080359"
nm0355358,Brad Hall,1968,\N,"miscellaneous,producer,assistant_director","tt0120399,tt0109830,tt0120829"
nm0355360,Brad Hall,\N,\N,"producer,director,miscellaneous","tt8793210,tt2468756,tt2953706,tt0800142"
nm0356025,Rich Hall,1954,\N,"writer,actor,producer","tt0325939,tt1430607,tt0072562,tt0085065"
nm0358669,Darrell Hammond,1955,\N,"actor,soundtrack,writer","tt0118747,tt0072562,tt0799949,tt0306047"
nm0367005,Phil Hartman,1948,1998,"actor,writer,soundtrack","tt0108174,tt0112095,tt0116705,tt0122718"
nm0393660,Jan Hooks,1957,2014,"actress,soundtrack","tt0103776,tt0089791,tt0115082,tt0106598"
nm0399994,Yvonne Hudson,\N,\N,"actress,miscellaneous","tt0072562,tt0277167"
nm0404525,Melanie Hutsell,\N,\N,"actress,soundtrack","tt2191701,tt4789300,tt1478338,tt0072562"
nm0414130,Victoria Jackson,1959,\N,"actress,soundtrack,writer","tt0098546,tt1394227,tt0099819,tt0094846"
nm0428655,Leslie Jones,\N,\N,"editor,editorial_department","tt0272338,tt1791528,tt0120863,tt1560747"
nm0428656,Leslie Jones,1967,\N,"actress,writer,soundtrack","tt0072562,tt6802400,tt2461150,tt1289401"
nm0428658,Leslie Jones,\N,\N,music_department,tt0116442
nm0428659,Leslie Jones,\N,\N,art_department,"tt0113492,tt0773756,tt0120738,tt0180073"
nm0428660,Leslie Jones,\N,\N,script_department,tt0094643
nm0441592,Chris Kattan,1970,\N,"actor,soundtrack,writer","tt0120770,tt0279493,tt0185371,tt2479478"
nm0443730,Tim Kazurinsky,1950,\N,"actor,writer,miscellaneous","tt0090583,tt0082801,tt0072562,tt0089822"
nm0452716,Laura Kightlinger,1964,\N,"producer,actress,writer","tt0460619,tt0157246,tt4116284,tt8324422"
nm0453115,Taran Killam,1982,\N,"actor,soundtrack,writer","tt2024544,tt0072562,tt4000956,tt5689068"
nm0462712,David Koechner,1962,\N,"actor,writer,soundtrack","tt0427944,tt0357413,tt0425061,tt1229340"
nm0471856,Gary Kroeger,1957,\N,"actor,soundtrack,writer","tt0072562,tt0046593,tt0200525,tt0086765"
nm0491005,Matthew Laurance,1950,\N,"actor,soundtrack","tt0112111,tt0098772,tt0085475,tt0090060"
nm0560257,Gail Matthius,1953,\N,"actress,soundtrack","tt0162796,tt0083530,tt0098929,tt0103373"
nm0571106,Michael McKean,1947,\N,"actor,soundtrack,director","tt0088258,tt0088930,tt0310281,tt3032476"
nm0571897,Mark McKinney,1959,\N,"actor,writer,producer","tt0120770,tt0096626,tt0387779,tt1159996"
nm0571898,Mark McKinney,\N,\N,camera_department,"tt1731701,tt1212450,tt0107927,tt0277370"
nm0571952,Kate McKinnon,1984,\N,"actress,soundtrack,writer","tt6394270,tt4799050,tt1289401,tt0072562"
nm0582418,Laurie Metcalf,1955,\N,"actress,soundtrack,miscellaneous","tt0120082,tt0094540,tt4925292,tt0114709"
nm0588222,Dennis Miller,1953,\N,"writer,producer,actor","tt0113957,tt0117826,tt0119731,tt0245686"
nm0588223,Dennis Miller,1937,\N,actor,"tt0135848,tt0385463,tt0108709,tt0081561"
nm0588224,Dennis Miller,\N,\N,"cinematographer,camera_department,director","tt0081563,tt0226416,tt0072792,tt0279429"
nm0591576,Jerry Minor,1969,\N,"actor,writer,soundtrack","tt0323633,tt0357413,tt0817538,tt2463288"
nm0605078,Tracy Morgan,1943,\N,"actress,writer","tt0074621,tt0074377,tt0069098,tt0068892"
nm0605079,Tracy Morgan,1968,\N,"actor,producer,soundtrack","tt1385867,tt0496424,tt0426592,tt0787474"
nm0606541,Garrett Morris,1937,\N,"actor,soundtrack,writer","tt0278488,tt0106598,tt0478970,tt0072562"
nm0614853,Bill Murray,\N,\N,miscellaneous,tt0097132
nm0628170,Laraine Newman,1952,\N,"actress,soundtrack,miscellaneous","tt0120669,tt0106598,tt0116705,tt0102719"
nm0637038,Don Novello,1943,\N,"actor,writer,producer","tt0230011,tt0072562,tt0112642,tt0099674"
nm0639733,Mike O'Brien,\N,\N,"sound_department,composer","tt0127341,tt0340434,tt0159876,tt0153362"
nm0639734,Mike O'Brien,\N,\N,"camera_department,actor,art_department","tt0117652,tt0094834,tt0109021,tt0110939"
nm0639735,Mike O'Brien,1964,2015,actor,"tt1159996,tt2347497,tt1095174,tt0433400"
nm0640874,Michael O'Donoghue,1940,1994,"writer,actor,miscellaneous","tt0079583,tt0079522,tt0072562,tt0096061"
nm0652783,Cheri Oteri,1962,\N,"actress,writer,producer","tt0175142,tt0141369,tt0405336,tt0119528"
nm0663177,Chris Parnell,1967,\N,"actor,soundtrack,writer","tt0841046,tt1232829,tt0357413,tt2861424"
nm0685472,Joe Piscopo,1951,\N,"actor,writer,soundtrack","tt0072562,tt0087507,tt0092226,tt0094961"
nm0688132,Amy Poehler,1971,\N,"actress,producer,writer","tt0871426,tt0072562,tt1266020,tt2096673"
nm0695104,Emily Prager,1948,\N,"actress,writer,camera_department","tt0059992,tt0079583,tt0094674,tt0048860"
nm0703800,Colin Quinn,1959,\N,"writer,actor,producer","tt0120770,tt3314416,tt3152624,tt1375670"
nm0705717,Gilda Radner,1946,1989,"actress,soundtrack,writer","tt0084049,tt0091178,tt0070290,tt0072562"
nm0711014,Tony Rosato,1954,2017,"actor,writer","tt0207701,tt0075578,tt0088582,tt0117593"
nm0724143,Jeff Richards,1924,1989,"actor,soundtrack","tt0049578,tt0047472,tt0052932,tt0050327"
nm0724144,Jeff Richards,\N,\N,"animation_department,art_department","tt0094449,tt0120800,tt0104254,tt0111333"
nm0724145,Jeff Richards,1974,\N,"actor,writer,producer","tt0759475,tt0468999,tt4687632,tt0072562"
nm0724146,Jeff Richards,\N,\N,actor,"tt0087348,tt0076781,tt0090631,tt0162349"
nm0728315,Ann Risley,1949,\N,actress,"tt0082525,tt0072562,tt0081554,tt0081518"
nm0733146,Tim Robinson,\N,\N,art_department,"tt0834001,tt0443334,tt0088591,tt4698684"
nm0733427,Harry Shearer,1943,\N,"actor,writer,soundtrack","tt0096697,tt0120382,tt0310281,tt0088258"
nm0734153,Chris Rock,\N,\N,actor,"tt9372772,tt0142646,tt0284126,tt0286159"
nm0734236,Charles Rocket,1949,2005,"actor,soundtrack","tt0099348,tt0108122,tt0120913,tt0109686"
nm0748973,Maya Rudolph,1972,\N,"actress,soundtrack,producer","tt1478338,tt1727388,tt1176740,tt1791528"
nm0764445,Horatio Sanz,1969,\N,"actor,soundtrack,writer","tt0215129,tt1920849,tt1045778,tt0285462"
nm0771680,Tom Schiller,1949,\N,"writer,actor,director","tt0088790,tt0304046,tt0072562,tt0087817"
nm0787238,Paul Shaffer,1949,\N,"music_department,soundtrack,actor","tt0119282,tt0088258,tt0118747,tt4537842"
nm0788340,Molly Shannon,1964,\N,"actress,soundtrack,writer","tt4158876,tt0167427,tt0151738,tt0362120"
nm0798971,Sarah Silverman,1970,\N,"actress,producer,writer","tt1772341,tt0332379,tt0821375,tt5848272"
nm0806912,Robert Smigel,1960,\N,"writer,producer,actor","tt0185431,tt0272338,tt0106052,tt0072562"
nm0827298,Pamela Stephenson,1949,\N,"actress,soundtrack,writer","tt0080253,tt0082517,tt0199218,tt0086393"
nm0837177,Jason Sudeikis,1975,\N,"actor,soundtrack,writer","tt10986410,tt4680182,tt1499658,tt1723121"
nm0842140,Julia Sweeney,1959,\N,"actress,producer,writer","tt0498994,tt8962130,tt2467372,tt10417836"
nm0842202,Terry Sweeney,1950,\N,"writer,actor,miscellaneous","tt0093443,tt0240596,tt0098300,tt0342139"
nm0860380,Kenan Thompson,1978,\N,"actor,soundtrack,producer","tt0115231,tt0417148,tt0119215,tt0072562"
nm0888503,Danitra Vance,1954,1994,"actress,soundtrack","tt0102174,tt0102316,tt0098621,tt0086759"
nm0899865,Dan Vitale,\N,\N,actor,"tt1744760,tt0072562,tt0086768,tt0088804"
nm0915778,Patrick Weathers,1954,\N,"actor,music_department","tt1741243,tt0094291,tt1790886,tt1996346"
nm0933146,Casey Wilson,\N,\N,visual_effects,"tt0102034,tt0107415,tt0120611,tt0274164"
nm0937747,Fred Wolf,1932,\N,"producer,writer,miscellaneous","tt0061421,tt0092345,tt0067595,tt0131613"
nm0937748,Fred Wolf,1964,\N,"writer,actor,director","tt0120654,tt0185431,tt0115697,tt2191701"
nm0937750,Fred Wolf,1910,2000,actor,"tt0154574,tt2157952"
nm0958993,Alan Zweibel,1950,\N,"writer,producer,actor","tt0072562,tt0092925,tt0090459,tt0110687"
nm0971596,Chris Elliott,\N,\N,"composer,music_department,editor","tt1167638,tt0120662,tt0203009,tt0118661"
nm1008747,Rich Hall,\N,\N,writer,tt0861361
nm10124289,Jeff Richards,\N,\N,miscellaneous,tt0076598
nm10179693,Tom Davis,\N,\N,nan,tt8948614
nm10184827,Mike O'Brien,\N,\N,nan,tt3562462
nm10230310,Colin Quinn,\N,\N,cinematographer,tt8819940
nm1024878,Seth Meyers,1973,\N,"writer,actor,producer","tt3513388,tt4677934,tt1598822,tt0072562"
nm10254000,Pete Davidson,\N,\N,producer,\N
nm10271496,Chris Elliott,\N,\N,nan,\N
nm1027256,Chris Parnell,\N,\N,actor,tt0265736
nm1034017,Dean Edwards,\N,\N,actor,"tt1165357,tt0258476,tt1111291,tt0450852"
nm10343807,Bill Murray,\N,\N,actor,"tt6384192,tt13998382"
nm10365967,Tom Davis,\N,\N,nan,\N
nm10417023,Tom Davis,\N,\N,actor,tt9639868
nm10437112,Dean Edwards,\N,\N,nan,tt3644198
nm10440389,Chris Rock,\N,\N,actor,\N
nm10452456,Mark McKinney,\N,\N,nan,\N
nm10455749,Mike O'Brien,\N,\N,editor,"tt9734382,tt9883024"
nm10455801,Leslie Jones,\N,\N,assistant_director,tt0123965
nm1047319,Tom Davis,\N,\N,actor,tt0295476
nm1047581,Brad Hall,\N,\N,miscellaneous,tt0294941
nm10513107,Lauren Holt,\N,\N,camera_department,\N
nm10521259,Tom Davis,\N,\N,nan,\N
nm10614185,Tom Davis,\N,\N,nan,\N
nm10639792,Tim Robinson,\N,\N,nan,\N
nm10661678,Eddie Murphy,\N,\N,nan,\N
nm10666508,Tim Robinson,\N,\N,actor,\N
nm10697087,Mike O'Brien,\N,\N,nan,\N
nm10765303,Tom Davis,\N,\N,actor,\N
nm10793005,Mike O'Brien,\N,\N,actor,\N
nm1083889,Mike O'Brien,\N,\N,"miscellaneous,producer,director","tt7498020,tt1448500,tt1716744,tt0217061"
nm10871329,Victoria Jackson,\N,\N,actress,\N
nm10879663,Terry Sweeney,\N,\N,actor,\N
nm10937994,Tim Meadows,\N,\N,nan,"tt14016930,tt13743066,tt10863916,tt10740136"
nm11060621,Tom Davis,\N,\N,"composer,sound_department",tt12649418
nm11079865,Tom Davis,\N,\N,miscellaneous,\N
nm11155585,Dennis Miller,\N,\N,actor,tt10974848
nm11162204,Mike O'Brien,\N,\N,"writer,producer",tt11348726
nm11185833,Tom Davis,\N,\N,composer,tt11137268
nm11217821,Casey Wilson,\N,\N,"camera_department,production_manager,script_department",tt11475900
nm11222962,Will Ferrell,\N,\N,producer,tt11462908
nm11270045,Mike O'Brien,\N,\N,nan,tt11599804
nm11279790,Mike O'Brien,\N,\N,sound_department,tt11394180
nm11291807,Chris Farley,\N,\N,stunts,tt1972591
nm11297717,Tom Davis,\N,\N,actor,\N
nm11322159,Fred Wolf,\N,\N,nan,\N
nm11331059,Chris Elliott,\N,\N,special_effects,\N
nm11436906,Michael O'Donoghue,\N,\N,visual_effects,tt12003714
nm1143861,Michaela Watkins,1971,\N,"actress,writer,producer","tt2294677,tt1212436,tt1932718,tt1655460"
nm11486610,Tom Davis,\N,\N,nan,tt1020913
nm1154288,Jeff Richards,\N,\N,actor,tt0116783
nm11555653,Jerry Minor,\N,\N,nan,tt0401003
nm11573043,Dan Vitale,\N,\N,nan,\N
nm11610626,Leslie Jones,\N,\N,actress,\N
nm1162741,Bill Murray,\N,\N,camera_department,"tt0288154,tt0189500"
nm11707153,Jeff Richards,\N,\N,nan,tt11011652
nm11718692,Mike O'Brien,\N,\N,set_decorator,tt12661304
nm11728273,Heidi Gardner,\N,\N,actress,\N
nm11765333,Casey Wilson,\N,\N,nan,\N
nm11768616,Mike O'Brien,\N,\N,actor,tt3783812
nm11775788,Martin Short,\N,\N,nan,tt12800308
nm11885823,Tom Davis,\N,\N,actor,tt5295032
nm11936425,Victoria Jackson,\N,\N,actress,\N
nm11950689,Dennis Miller,\N,\N,nan,\N
nm11950691,Victoria Jackson,\N,\N,nan,\N
nm11971632,Mike O'Brien,\N,\N,actor,\N
nm11972013,Tim Robinson,\N,\N,set_decorator,tt10505762
nm11992562,Sarah Sherman,\N,\N,director,\N
nm1201491,Dennis Miller,\N,\N,casting_director,tt0325502
nm12033473,Mike O'Brien,\N,\N,actor,tt14643040
nm1219950,Eddie Murphy,\N,\N,art_department,"tt2379713,tt0830515,tt10539608,tt2802144"
nm12244326,Tom Davis,\N,\N,cinematographer,\N
nm12246661,Chris Elliott,\N,\N,camera_department,tt13026762
nm12251094,Brad Hall,\N,\N,nan,tt1442550
nm12286233,Leslie Jones,\N,\N,script_department,\N
nm12293622,Dean Edwards,\N,\N,actor,\N
nm12383124,Tom Davis,\N,\N,nan,"tt0262152,tt13471320"
nm12400603,Dan Vitale,\N,\N,actor,tt14236360
nm12406972,Victoria Jackson,\N,\N,nan,\N
nm12488967,Tim Meadows,\N,\N,actor,tt11394158
nm12577961,Mike O'Brien,\N,\N,actor,tt14643040
nm12624642,Tom Davis,\N,\N,nan,tt13682176
nm12695477,Rob Schneider,\N,\N,producer,tt4829936
nm12705773,Victoria Jackson,\N,\N,actress,tt6932494
nm12744425,Victoria Jackson,\N,\N,miscellaneous,tt14855722
nm12748185,Tom Davis,\N,\N,nan,\N
nm12750797,Mike Myers,\N,\N,nan,\N
nm12750908,Tom Davis,\N,\N,actor,tt0124718
nm12785038,Victoria Jackson,\N,\N,nan,\N
nm12785675,Jimmy Fallon,\N,\N,art_department,tt6133466
nm12815517,Victoria Jackson,\N,\N,producer,tt14894996
nm1282073,Leslie Jones,\N,\N,nan,tt0341708
nm12840270,Chris Farley,\N,\N,"cinematographer,camera_department,editor","tt14779558,tt16589596"
nm12851138,Colin Quinn,\N,\N,nan,\N
nm12890222,Christopher Guest,\N,\N,nan,\N
nm12931864,Bill Murray,\N,\N,nan,\N
nm1293885,Bobby Moynihan,1977,\N,"actor,soundtrack,writer","tt0072562,tt10662034,tt13622982"
nm12980144,Leslie Jones,\N,\N,art_department,tt8579674
nm12981476,Casey Wilson,\N,\N,sound_department,tt15488832
nm13013859,Michael O'Donoghue,\N,\N,sound_department,\N
nm13032378,Mike O'Brien,\N,\N,music_department,tt15669416
nm13042925,Mike Myers,\N,\N,camera_department,tt15714650
nm13153060,Eddie Murphy,\N,\N,"actor,miscellaneous",\N
nm13186344,Victoria Jackson,\N,\N,"assistant_director,script_department",\N
nm1325419,Kristen Wiig,1973,\N,"actress,soundtrack,producer","tt1608290,tt0359950,tt1571249,tt1478338"
nm13266366,Jeff Richards,\N,\N,actor,\N
nm13281524,Mike O'Brien,\N,\N,producer,\N
nm13281861,Tom Davis,\N,\N,nan,\N
nm13308038,Dennis Miller,\N,\N,nan,\N
nm13337965,Leslie Jones,\N,\N,executive,\N
nm13349009,Brad Hall,\N,\N,nan,"tt13639450,tt12747694"
nm13349549,Tim Robinson,\N,\N,nan,\N
nm13353192,Chris Parnell,\N,\N,nan,\N
nm1338203,Leslie Jones,\N,\N,"costume_department,make_up_department","tt0444631,tt0357577"
nm13382765,Tim Meadows,\N,\N,nan,\N
nm13405263,Rich Hall,\N,\N,nan,\N
nm13467885,Victoria Jackson,\N,\N,costume_department,tt15659704
nm13479010,Tim Robinson,\N,\N,actor,tt18546600
nm13488570,Kyle Mooney,\N,\N,camera_department,tt18764878
nm1349208,Tim Robinson,\N,\N,actor,tt6168110
nm1386521,Bill Murray,\N,\N,actor,tt0351810
nm1396935,Tim Robinson,\N,\N,"producer,director","tt1715425,tt0775402,tt3558296,tt0968732"
nm1401295,Martin Short,\N,\N,nan,\N
nm1427969,Tracy Morgan,\N,\N,nan,tt1173421
nm1443527,Rob Riggle,1970,\N,"actor,writer,producer","tt1232829,tt1119646,tt0115147,tt2096672"
nm1459509,Finesse Mitchell,1972,\N,"actor,writer,soundtrack","tt0072562,tt0785077,tt0790804,tt0951216"
nm1480256,Rich Hall,\N,\N,actor,"tt1330618,tt0108709,tt1517640"
nm1510062,Mikey Day,1980,\N,"actor,writer,producer","tt4000956,tt0072562,tt2076347,tt1217217"
nm1558206,Mike O'Brien,\N,\N,actor,"tt0398291,tt1730767,tt1387418"
nm1578488,Adam Sandler,\N,\N,"director,producer,editorial_department","tt10428498,tt12116598,tt0068120,tt13689618"
nm1654181,Chris Elliott,\N,\N,"miscellaneous,sound_department","tt0412109,tt0338616,tt0399977,tt6261554"
nm1676221,Andy Samberg,1978,\N,"actor,producer,soundtrack","tt3960412,tt0072562,tt9484998,tt2467372"
nm1687172,Paul Brittain,\N,\N,actor,tt0413660
nm1737885,Chris Rock,\N,\N,visual_effects,"tt0382992,tt0317705,tt0198781"
nm1746994,Christopher Guest,\N,\N,nan,tt0040053
nm1752760,Mike Myers,1969,\N,nan,"tt2140691,tt1045847,tt0476931,tt1020929"
nm1771830,Chris Rock,\N,\N,actor,tt0434026
nm1807732,Tom Davis,\N,\N,miscellaneous,tt0439911
nm1829094,Tim Robinson,\N,\N,actor,tt0083731
nm1831668,Bill Murray,\N,\N,cinematographer,tt0448004
nm1840659,Nasim Pedrad,1981,\N,"actress,producer,writer","tt6139732,tt2490326,tt1690953,tt10338160"
nm1843779,Jeff Richards,\N,\N,"writer,director,producer","tt0904115,tt1877853"
nm1877197,Victoria Jackson,\N,\N,make_up_department,"tt10483744,tt0455841,tt6769236,tt5941780"
nm1906042,Colin Jost,1982,\N,"writer,actor,miscellaneous","tt6802400,tt1292566,tt1361336,tt0072562"
nm1907457,Bill Murray,\N,\N,"actor,writer","tt0457251,tt0961721"
nm1934954,Mike O'Brien,\N,\N,visual_effects,tt0120841
nm1942080,Tom Davis,\N,\N,"producer,director,writer","tt0789775,tt1215983,tt2062966,tt4276112"
nm1962331,Casey Wilson,1987,\N,actor,tt0457394
nm1971084,Tim Robinson,\N,\N,actor,tt0105986
nm1978226,Tim Robinson,\N,\N,"actor,producer","tt5786442,tt1309181,tt0484257,tt0483776"
nm1981812,Bill Murray,\N,\N,actor,tt0122145
nm1988111,Casey Wilson,1980,\N,"actress,writer,soundtrack","tt1509788,tt1103153,tt0901476,tt2267998"
nm2018971,Bill Murray,\N,\N,nan,tt0281438
nm2019506,Mike O'Brien,\N,\N,nan,\N
nm2062929,Christopher Guest,1975,\N,"producer,visual_effects,miscellaneous","tt12716280,tt1822842,tt8022434,tt10538562"
nm2076868,Leslie Jones,\N,\N,actress,"tt0106179,tt0120901,tt0204993,tt0242733"
nm2095085,Victoria Jackson,\N,\N,sound_department,tt1334555
nm2114510,Tim Robinson,\N,\N,actor,tt0497043
nm2141165,Dean Edwards,\N,\N,"editorial_department,visual_effects,art_department","tt1529670,tt0482481,tt0354333,tt2551436"
nm2159521,Phil Hartman,\N,\N,"visual_effects,special_effects","tt0844479,tt0409182,tt2417108"
nm2163846,Mike Myers,\N,\N,visual_effects,tt0079945
nm2193928,Tom Davis,1949,\N,nan,"tt0123338,tt0496360,tt9822404,tt0787424"
nm2212031,Abby Elliott,1987,\N,"actress,soundtrack,writer","tt1411238,tt1291150,tt1663143,tt0072562"
nm2213674,Tom Davis,\N,\N,"editorial_department,sound_department","tt3748528,tt0816711,tt0458339,tt1446714"
nm2221621,Tom Davis,\N,\N,actor,"tt0770745,tt1474200,tt0882741"
nm2251356,Chris Elliott,\N,\N,miscellaneous,tt0861343
nm2264620,Tim Robinson,\N,\N,actor,"tt0427848,tt0803030,tt0758745,tt0818620"
nm2269751,Tom Davis,\N,\N,actor,tt0494235
nm2275887,John Milhiser,\N,\N,"actor,writer,editor","tt1289401,tt4061080,tt5990096,tt0072562"
nm2323596,Mike O'Brien,\N,\N,nan,"tt1636331,tt1636189,tt4397866,tt0181269"
nm2354000,Michael O'Donoghue,\N,\N,sound_department,"tt1811323,tt0840371,tt1642373"
nm2379655,Dennis Miller,\N,\N,editor,tt0119277
nm2385054,Chris Elliott,\N,\N,actor,tt0972846
nm2396934,Michael McKean,\N,\N,camera_department,tt0129910
nm2460645,Tim Robinson,\N,\N,"actor,music_department",tt0382382
nm2511320,Jeff Richards,\N,\N,actor,tt0368257
nm2522357,Mike O'Brien,\N,\N,location_management,"tt0104512,tt0238303,tt0238305,tt0238304"
nm2529548,Dean Edwards,\N,\N,nan,"tt12058768,tt0298674,tt13645690,tt14773254"
nm2544987,Mike Myers,\N,\N,camera_department,tt0115279
nm2572052,Tom Davis,\N,\N,camera_department,"tt6306064,tt0095408"
nm2597086,Mike O'Brien,\N,\N,actor,"tt0470023,tt0464041,tt1107855,tt0457433"
nm2605900,Chris Elliott,\N,\N,"cinematographer,camera_department","tt1242542,tt3765728"
nm2610385,Sarah Sherman,\N,\N,"actress,director,writer","tt3773358,tt9170758,tt1006983,tt14945492"
nm2620120,Tom Davis,\N,\N,"transportation_department,miscellaneous","tt0457572,tt1272878,tt0765010,tt0452625"
nm2641016,Mike O'Brien,\N,\N,editor,tt0949671
nm2642562,Lauren Holt,\N,\N,"animation_department,editorial_department,miscellaneous","tt3449322,tt0815250,tt1022605"
nm2660474,Dennis Miller,\N,\N,miscellaneous,"tt0416779,tt0846694"
nm2672552,Tom Davis,\N,\N,visual_effects,tt0349903
nm2675038,Rob Schneider,\N,\N,actor,tt1039621
nm2682875,Fred Wolf,\N,\N,actor,tt1032874
nm2720332,Alex Moffat,\N,\N,actor,"tt0112230,tt0111999"
nm2722633,Dennis Miller,\N,\N,"animation_department,art_department","tt8651594,tt0874300,tt3529198,tt1751105"
nm2761469,Chris Parnell,\N,\N,nan,"tt0343316,tt1020109"
nm2767460,Michael O'Donoghue,\N,\N,transportation_department,tt0099566
nm2776607,Aristotle Athari,\N,\N,"actor,director,cinematographer","tt9173436,tt5918784,tt7322648,tt5917146"
nm2790436,Tim Robinson,\N,\N,"writer,producer,actor","tt2421910,tt1112661"
nm2809577,Jenny Slate,1982,\N,"actress,writer,soundtrack","tt4481414,tt2910274,tt2709768,tt2948356"
nm2825937,Tom Davis,\N,\N,nan,"tt1136478,tt2787132"
nm2846691,Fred Wolf,\N,\N,nan,\N
nm2846739,Mike O'Brien,\N,\N,"miscellaneous,camera_department","tt2719804,tt1357005,tt1100051"
nm2870034,Tom Davis,\N,\N,actor,tt0106137
nm2881085,Tom Davis,\N,\N,location_management,tt0086192
nm2945828,Michael O'Donoghue,\N,\N,camera_department,"tt0115355,tt0120801,tt0133302,tt1626811"
nm2966932,Bill Murray,\N,\N,"editor,editorial_department","tt1210095,tt1732762"
nm2968461,Brad Hall,\N,\N,"producer,camera_department","tt0400410,tt0939564"
nm2997086,Martin Short,\N,\N,actor,tt0079687
nm3009952,Kate McKinnon,\N,\N,actress,tt0092225
nm3025851,Mike O'Brien,\N,\N,actor,tt0051297
nm3054255,Tom Davis,\N,\N,actor,tt1250756
nm3076354,Mike O'Brien,\N,\N,transportation_department,"tt4229954,tt0494864,tt0775529"
nm3080722,Beck Bennett,\N,\N,"actor,writer,producer","tt3470600,tt5531466,tt7979580,tt1086064"
nm3085792,Leslie Jones,\N,\N,actor,tt0031055
nm3089340,Mike O'Brien,\N,\N,actor,"tt2182211,tt1366945,tt0313038,tt1107855"
nm3174251,Jeff Richards,\N,\N,cinematographer,tt0393274
nm3174274,Mike O'Brien,\N,\N,"producer,miscellaneous","tt1584933,tt0368107,tt0401759,tt9248866"
nm3199973,Mike O'Brien,\N,\N,actor,tt1326172
nm3213154,Chris Rock,\N,\N,animation_department,tt0174392
nm3291792,Mike Myers,\N,\N,camera_department,tt1362049
nm3324982,Kyle Mooney,1984,\N,"actor,writer,soundtrack","tt1608290,tt2139555,tt15977708,tt5805752"
nm3364779,Vanessa Bayer,1981,\N,"actress,writer,soundtrack","tt2989524,tt1711525,tt3152624,tt0072562"
nm3448959,Leslie Jones,\N,\N,actress,tt1279966
nm3483071,Tom Davis,\N,\N,camera_department,tt0128707
nm3510834,Tim Robinson,\N,\N,"camera_department,director,actor","tt1462862,tt1507979,tt1462856"
nm3550886,Sasheer Zamata,1986,\N,"actress,writer,producer","tt4018066,tt6791096,tt4018068,tt11394332"
nm3578809,Bill Murray,\N,\N,producer,tt1490534
nm3600806,Jeff Richards,\N,\N,actor,"tt1587314,tt1505388"
nm3625945,Mike O'Brien,\N,\N,actor,tt1493558
nm3644706,Noël Wells,1986,\N,"actress,editor,miscellaneous","tt6212496,tt7713450,tt0072562,tt9184820"
nm3673242,Bill Murray,1908,1986,nan,"tt1687207,tt1538443,tt1600694"
nm3677317,Jeff Richards,\N,\N,miscellaneous,tt0072265
nm3678497,Rich Hall,\N,\N,"director,writer",tt1542770
nm3697626,Chris Elliott,\N,\N,"writer,composer,music_department",tt1551638
nm3710139,Tom Davis,\N,\N,miscellaneous,tt1517228
nm3743306,Casey Wilson,\N,\N,"actor,producer,director","tt2382015,tt1982864,tt2265215,tt1565981"
nm3758883,Leslie Jones,\N,\N,"director,producer",tt1575557
nm3760937,Luke Null,\N,\N,actor,"tt9881938,tt3146066,tt1545490,tt0072562"
nm3830257,Melissa Villaseñor,1987,\N,"actress,soundtrack,writer","tt5848272,tt1809001,tt10682266,tt0072562"
nm3846408,Michael Che,\N,\N,"writer,actor,camera_department","tt0072562,tt12762460,tt2784678,tt0499556"
nm3890281,Bill Murray,\N,\N,nan,\N
nm3895112,Tom Davis,\N,\N,art_department,tt1326139
nm3910307,Jeff Richards,\N,\N,actor,tt0380060
nm3911007,Chris Rock,\N,\N,actor,tt1556078
nm3915439,Mike O'Brien,\N,\N,miscellaneous,tt1193138
nm3920709,Casey Wilson,\N,\N,"camera_department,cinematographer,director","tt6083648,tt6091368,tt9748306,tt2445666"
nm3930873,Tim Robinson,\N,\N,"cinematographer,camera_department,editor","tt4504130,tt0389911,tt4502270,tt1663232"
nm3933527,Tim Robinson,\N,\N,camera_department,tt1664843
nm3941693,Dennis Miller,\N,\N,transportation_department,tt0829176
nm3950870,Chris Elliott,\N,\N,nan,\N
nm3981127,Casey Wilson,\N,\N,camera_department,tt1687906
nm3982894,Jay Pharoah,1987,\N,"actor,soundtrack,producer","tt7153766,tt1408253,tt5774044,tt0072562"
nm3997014,Michael O'Donoghue,\N,\N,sound_department,"tt2790152,tt2798906,tt2790032"
nm4013649,Mike Myers,\N,\N,nan,tt0096563
nm4028688,Mike Myers,\N,\N,writer,tt1708468
nm4039470,Tim Robinson,\N,\N,nan,\N
nm4100863,Emily Prager,\N,\N,nan,\N
nm4104448,Sarah Sherman,\N,\N,make_up_department,tt1518327
nm4142075,Chris Elliott,\N,\N,nan,tt0262152
nm4180892,Tim Robinson,\N,\N,actor,tt1777032
nm4200503,Tim Robinson,\N,\N,"writer,actor,producer","tt0072562,tt10050772,tt4779762,tt6343706"
nm4204968,Paul Brittain,1977,\N,"actor,soundtrack","tt2510894,tt2176287,tt0837562,tt0072562"
nm4215887,Martin Short,1943,2020,"writer,producer,miscellaneous","tt1791798,tt0938980,tt1297329,tt5747320"
nm4256972,Chris Elliott,\N,\N,actor,"tt1813516,tt1493151"
nm4257796,Bill Murray,\N,\N,actor,tt1810727
nm4269084,Tom Davis,\N,\N,"actor,writer,producer","tt4468740,tt4158096,tt8096690,tt4673856"
nm4289813,Bill Murray,\N,\N,nan,tt1740656
nm4310690,Bill Murray,\N,\N,"sound_department,art_department,camera_department","tt1837678,tt2147467"
nm4326982,Eddie Murphy,\N,\N,animation_department,tt0492509
nm4339544,Jon Rudnitsky,\N,\N,"actor,writer,soundtrack","tt0072562,tt5719700"
nm4343157,Tom Davis,1945,\N,actor,tt1850339
nm4359305,Tim Robinson,\N,\N,camera_department,tt1857742
nm4380769,Mike Myers,\N,\N,special_effects,"tt1219289,tt5657856,tt1817273,tt6133466"
nm4408208,Mike O'Brien,\N,\N,actor,tt1885305
nm4435047,Bill Murray,\N,\N,actor,"tt1911645,tt2450652,tt2282941"
nm4473273,Mike O'Brien,\N,\N,actor,tt1434435
nm4481414,Bill Murray,\N,\N,actor,tt1884251
nm4489897,Casey Wilson,\N,\N,actress,tt1951191
nm4520392,Bill Murray,\N,\N,"cinematographer,camera_department",tt1972582
nm4536114,Casey Wilson,\N,\N,editor,tt1982864
nm4539981,Mike Myers,\N,\N,costume_department,tt1984991
nm4562498,James Austin Johnson,\N,\N,"actor,writer,miscellaneous","tt8036272,tt0072562,tt3032476,tt0475290"
nm4573109,Tracy Morgan,\N,\N,nan,\N
nm4583865,Sarah Sherman,\N,\N,actress,tt1999871
nm4592210,Yvonne Hudson,\N,\N,"miscellaneous,actress,casting_director","tt2142935,tt2033480,tt3526474,tt2156935"
nm4603998,Mike O'Brien,\N,\N,nan,\N
nm4633705,Tracy Morgan,\N,\N,transportation_department,tt1887882
nm4657360,Mike O'Brien,\N,\N,actor,tt2043951
nm4658374,Mike Myers,\N,\N,special_effects,tt2004334
nm4702231,Tom Davis,\N,\N,transportation_department,tt0321473
nm4800774,Mike O'Brien,\N,\N,nan,tt1170243
nm4806887,Chloe Fineman,1988,\N,"actress,location_management","tt8577458,tt5460226,tt6527474,tt0072562"
nm4826405,Bill Murray,\N,\N,art_department,tt2147467
nm4828992,Tracy Morgan,\N,\N,nan,\N
nm4832730,Tom Davis,1967,\N,miscellaneous,"tt2288153,tt0081857,tt0189246,tt2161907"
nm4857388,Dennis Miller,\N,\N,nan,\N
nm4895587,Rich Hall,\N,\N,nan,tt0146386
nm4906505,Mike O'Brien,\N,\N,actor,tt2247021
nm4926467,Bill Murray,\N,\N,actor,tt2202391
nm4929014,Tim Robinson,\N,\N,nan,tt2275949
nm4930586,Chris Farley,\N,\N,writer,tt2275913
nm4945455,Ego Nwodim,\N,\N,"actress,soundtrack,costume_department","tt3598030,tt6110318,tt0072562,tt7379494"
nm4949478,Mike O'Brien,\N,\N,actor,tt2300919
nm4977915,Leslie Jones,\N,\N,miscellaneous,tt0104423
nm4997878,Yvonne Hudson,\N,\N,nan,tt2355949
nm5073476,Tracy Morgan,\N,\N,nan,tt0063892
nm5120390,Brooks Wheelan,1986,\N,"actor,writer,producer","tt10050772,tt1600194,tt5244974,tt0072562"
nm5122180,Terry Sweeney,\N,\N,"actor,soundtrack","tt3517306,tt3313760,tt2386353,tt2576688"
nm5127148,Kyle Mooney,\N,\N,nan,\N
nm5139377,Bill Murray,\N,\N,sound_department,tt2243836
nm5163268,Dennis Miller,\N,\N,nan,tt1275472
nm5198446,Cecily Strong,1984,\N,"actress,soundtrack,producer","tt2702724,tt1289401,tt11808942,tt0072562"
nm5206346,Chris Farley,\N,\N,actor,tt2328612
nm5230632,Bill Murray,\N,\N,sound_department,tt2356940
nm5255287,Jeff Richards,\N,\N,casting_department,"tt3218622,tt5648234,tt11940818,tt2378652"
nm5262775,Aidy Bryant,1987,\N,"actress,writer,soundtrack","tt11092142,tt8962130,tt5462602,tt0072562"
nm5268180,Leslie Jones,\N,\N,"costume_department,actress","tt0297607,tt0358809,tt0360255,tt4568496"
nm5296555,Terry Sweeney,\N,\N,nan,\N
nm5298712,Mike O'Brien,\N,\N,nan,\N
nm5311105,Mike O'Brien,\N,\N,"actor,producer",tt2423776
nm5358702,Chris Elliott,\N,\N,nan,\N
nm5368653,Tom Schiller,\N,\N,actor,tt9068272
nm5374987,Leslie Jones,\N,\N,actress,tt1957867
nm5381865,Terry Sweeney,\N,\N,actor,tt2474812
nm5398255,Rich Hall,\N,\N,art_department,tt1650554
nm5412083,Chris Redd,\N,\N,"actor,writer,soundtrack","tt0072562,tt3960412,tt5884792,tt7286456"
nm5415866,Phil Hartman,\N,\N,nan,\N
nm5428992,Tim Robinson,1935,2020,writer,tt2582038
nm5460097,Mike O'Brien,\N,\N,actor,tt2625536
nm5462850,Rich Hall,\N,\N,camera_department,tt2369573
nm5465769,Seth Meyers,\N,\N,nan,tt0124932
nm5479432,Tim Robinson,\N,\N,nan,\N
nm5500570,Jeff Richards,\N,\N,actor,tt2671586
nm5518479,Victoria Jackson,\N,\N,nan,tt2307673
nm5539698,Tom Davis,\N,\N,nan,tt2728770
nm5575320,Mike Myers,\N,\N,art_department,tt0299712
nm5601269,Leslie Jones,\N,\N,nan,tt2803888
nm5602633,Sarah Sherman,\N,\N,actress,tt2803096
nm5609314,Sarah Sherman,\N,\N,"producer,actress",tt2261238
nm5628268,Tom Davis,\N,\N,"producer,writer","tt2828570,tt5774598,tt3503754,tt4742812"
nm5629957,Bill Murray,\N,\N,nan,\N
nm5633884,Dennis Miller,\N,\N,nan,\N
nm5642597,Mike O'Brien,\N,\N,nan,\N
nm5643945,Dennis Miller,\N,\N,producer,tt2866916
nm5648732,Brad Hall,\N,\N,actor,tt0122827
nm5659941,Dennis Miller,\N,\N,nan,tt0123338
nm5666584,Mike O'Brien,\N,\N,sound_department,"tt3972208,tt3856408,tt1535977"
nm5692847,Leslie Jones,\N,\N,nan,\N
nm5695760,Mike Myers,\N,\N,art_director,tt2916548
nm5706361,Mark McKinney,\N,\N,cinematographer,tt2954994
nm5708457,Brad Hall,\N,\N,"director,producer",tt2953902
nm5770787,Tim Robinson,\N,\N,"actor,producer,writer","tt7525638,tt2826134,tt6227116,tt7525600"
nm5803981,Alex Moffat,1982,\N,"actor,director","tt1217217,tt5848272,tt9866072,tt3219194"
nm5838946,Tracy Morgan,\N,\N,miscellaneous,tt0100332
nm5848694,Chris Rock,\N,\N,producer,tt2357748
nm5872054,Bill Murray,\N,\N,nan,\N
nm5894755,Bill Murray,\N,\N,actor,tt3091734
nm5905712,Bill Murray,\N,\N,actor,tt3147486
nm5906920,Heidi Gardner,1983,\N,"actress,writer","tt5101204,tt5619332,tt10324166,tt4180560"
nm5907222,Tom Davis,\N,\N,nan,tt0133302
nm5922353,Brad Hall,\N,\N,"director,actor,writer",tt3162968
nm5946351,Mike Myers,\N,\N,composer,tt3185956
nm5960919,Molly Shannon,\N,\N,actress,tt0362542
nm5977544,Alex Moffat,\N,\N,nan,\N
nm5987491,Bill Murray,\N,\N,actor,tt3231836
nm6036494,Jim Downey,\N,\N,producer,tt3281976
nm6133039,Christopher Guest,\N,\N,actor,tt3384430
nm6151446,Chris Parnell,\N,\N,cinematographer,tt3402362
nm6158455,Tom Davis,\N,\N,animation_department,"tt4633694,tt5220122,tt2510894,tt4624424"
nm6255561,Chris Elliott,\N,\N,actor,tt3449744
nm6267657,Tom Davis,\N,\N,actor,tt3512322
nm6283130,Dennis Miller,\N,\N,miscellaneous,tt3458560
nm6286141,Jeff Richards,\N,\N,nan,\N
nm6291555,Mark McKinney,\N,\N,transportation_department,tt1179069
nm6299248,Bowen Yang,1990,\N,"actor,writer,producer","tt2587452,tt2452244,tt6078096"
nm6299629,Victoria Jackson,\N,\N,actress,tt3172618
nm6310930,Tim Robinson,\N,\N,"producer,director,camera_department","tt0199257,tt14435296,tt8909538,tt8909686"
nm6344885,Bill Murray,\N,\N,editor,tt0115367
nm6350126,Chris Parnell,\N,\N,executive,\N
nm6365877,Bill Murray,\N,\N,director,tt3603706
nm6366128,Sarah Sherman,\N,\N,"producer,production_manager,miscellaneous","tt2630898,tt4575056,tt3562626,tt3548962"
nm6375565,Michael O'Donoghue,\N,\N,actor,tt0084264
nm6407619,Lauren Holt,\N,\N,art_department,tt3597448
nm6481103,Jeff Richards,\N,\N,actor,tt3650844
nm6557993,Tom Davis,\N,\N,actor,tt3793204
nm6566424,Leslie Jones,\N,\N,actor,"tt4056158,tt3800692"
nm6580781,Sarah Sherman,\N,\N,actor,tt3815734
nm6588479,Kyle Mooney,\N,\N,"special_effects,visual_effects",tt3823130
nm6638078,Jeff Richards,\N,\N,composer,tt3872944
nm6695372,Bill Murray,\N,\N,nan,\N
nm6729562,Casey Wilson,\N,\N,editorial_department,tt3263490
nm6758873,Tom Davis,\N,\N,art_department,tt3970482
nm6880758,Sarah Sherman,\N,\N,nan,\N
nm6888296,Chris Elliott,\N,\N,actor,tt8386350
nm6908017,Bill Murray,\N,\N,actor,tt3790306
nm6934104,Tim Robinson,\N,\N,nan,\N
nm7041822,Sarah Sherman,\N,\N,nan,\N
nm7043228,Rich Hall,\N,\N,nan,\N
nm7096883,Will Ferrell,\N,\N,art_department,"tt0058797,tt0061296,tt0062994,tt0061240"
nm7109497,Chris Elliott,\N,\N,actor,tt4203440
nm7147777,Mike O'Brien,\N,\N,actor,tt4475006
nm7171988,Alex Moffat,\N,\N,"assistant_director,miscellaneous","tt5628302,tt5104604,tt3381008,tt2652092"
nm7205497,Tim Robinson,\N,\N,nan,tt4049528
nm7234377,Bill Murray,\N,\N,writer,tt4571940
nm7250185,Jeff Richards,\N,\N,nan,tt3696804
nm7286360,Christopher Guest,\N,\N,actor,"tt4334642,tt1024855"
nm7296040,Rob Schneider,\N,\N,miscellaneous,tt4432798
nm7301044,Dan Vitale,\N,\N,"director,writer,producer","tt4656450,tt5903450"
nm7307139,Phil Hartman,\N,\N,actor,tt4662448
nm7314528,Mike Myers,\N,\N,actor,tt4670472
nm7324531,Heidi Gardner,\N,\N,nan,\N
nm7341228,Mike Myers,\N,\N,actor,tt4497152
nm7390947,Dean Edwards,\N,\N,actor,tt0122905
nm7397944,Jeff Richards,\N,\N,production_designer,tt4780202
nm7414652,Brad Hall,\N,\N,nan,tt1554356
nm7427133,Mark McKinney,\N,\N,nan,tt6225166
nm7427142,Mark McKinney,\N,\N,editor,"tt4823678,tt5441646"
nm7429938,Phil Hartman,\N,\N,actor,tt4828104
nm7440291,Fred Wolf,\N,\N,actor,"tt0072562,tt10222674,tt3910602"
nm7451606,Phil Hartman,\N,\N,miscellaneous,tt4701488
nm7452649,Mike Myers,\N,\N,nan,tt4853866
nm7479270,Chris Farley,\N,\N,nan,\N
nm7491272,Victoria Jackson,\N,\N,actress,tt4906964
nm7567645,Sarah Sherman,\N,\N,"actress,writer,miscellaneous","tt15467926,tt8425308,tt9534540,tt14601874"
nm7576527,Lauren Holt,1991,\N,actress,"tt7546290,tt8937092,tt0072562,tt8394996"
nm7585524,Tim Robinson,\N,\N,nan,tt4661598
nm7641022,Molly Shannon,\N,\N,nan,tt3675186
nm7681772,Chris Elliott,\N,\N,actor,tt5124078
nm7683464,Chris Farley,\N,\N,sound_department,tt0142235
nm7705657,Brad Hall,\N,\N,"editor,camera_department","tt5173520,tt6738058"
nm7706610,Mike O'Brien,\N,\N,visual_effects,tt3906560
nm7726543,Rich Hall,\N,\N,nan,\N
nm7791059,Mark McKinney,\N,\N,camera_department,tt3739110
nm7815008,Phil Hartman,\N,\N,actor,tt5298646
nm7855877,Chris Rock,\N,\N,"director,writer,editor",tt5346900
nm7860904,Mike O'Brien,\N,\N,"editor,cinematographer","tt7119506,tt5352578"
nm7906225,Mike Myers,\N,\N,"camera_department,cinematographer","tt5442834,tt6137590"
nm7941065,Michael O'Donoghue,\N,\N,nan,\N
nm7966111,Mike Myers,\N,\N,nan,tt3109150
nm7992474,Mike O'Brien,\N,\N,actor,tt5542640
nm8052762,Jeff Richards,\N,\N,actor,tt3859146
nm8054746,Mark McKinney,\N,\N,camera_department,"tt6285944,tt0795461,tt1216491"
nm8067225,Tom Davis,\N,\N,actor,"tt5631298,tt5631362"
nm8093483,Leslie Jones,\N,\N,actress,tt0093204
nm8096206,Mark McKinney,\N,\N,miscellaneous,tt2954994
nm8155395,Dennis Miller,\N,\N,actor,tt2114006
nm8157375,Dennis Miller,\N,\N,actor,tt2114006
nm8175223,Mike O'Brien,\N,\N,sound_department,tt4977374
nm8191764,Will Ferrell,\N,\N,actor,tt5779664
nm8271258,Bill Murray,\N,\N,nan,tt5156614
nm8285155,Michael O'Donoghue,\N,\N,actor,tt5880050
nm8300566,Dean Edwards,\N,\N,actor,tt5896628
nm8326174,Sarah Sherman,\N,\N,camera_department,tt5924202
nm8329835,Sarah Sherman,\N,\N,actress,tt5924202
nm8378315,Victoria Jackson,\N,\N,"camera_department,make_up_department",tt5941780
nm8439510,Tom Davis,\N,\N,camera_department,"tt7689318,tt6063510,tt6074820"
nm8467312,Sarah Sherman,\N,\N,nan,\N
nm8489283,Tom Davis,\N,\N,nan,tt5993092
nm8505163,Tom Davis,\N,\N,"director,cinematographer,editor","tt7252334,tt6142826,tt10607616,tt5870978"
nm8517416,Mike O'Brien,\N,\N,composer,tt6157660
nm8523579,Dean Edwards,\N,\N,composer,tt6166222
nm8537351,Chris Elliott,\N,\N,actor,tt6185624
nm8595385,Dennis Miller,\N,\N,visual_effects,tt11993098
nm8605638,Dean Edwards,\N,\N,nan,\N
nm8608160,Andrew Dismukes,\N,\N,"writer,actor","tt13858722,tt6279022,tt0072562,tt14508698"
nm8645930,Chris Farley,\N,\N,actor,tt6329792
nm8734124,Siobhan Fallon,\N,\N,writer,tt6463510
nm8739883,Leslie Jones,\N,\N,actress,tt6464314
nm8766863,Jeff Richards,\N,\N,actor,tt6512646
nm8783853,Mike O'Brien,\N,\N,soundtrack,tt2998406
nm8815884,Chris Elliott,\N,\N,miscellaneous,tt6264596
nm8854251,Tim Robinson,\N,\N,miscellaneous,tt6391108
nm8912973,Seth Meyers,\N,\N,miscellaneous,"tt6528132,tt0496571"
nm8938826,Pete Davidson,\N,\N,actor,tt6806604
nm8978375,Alex Moffat,\N,\N,actor,tt6851750
nm9030399,Colin Quinn,\N,\N,art_department,tt3948764
nm9189163,Chris Elliott,\N,\N,make_up_department,tt7233816
nm9201551,Dean Edwards,\N,\N,editorial_department,"tt1565436,tt6186672,tt0354333"
nm9216626,Leslie Jones,\N,\N,actress,\N
nm9222500,Rich Hall,\N,\N,"cinematographer,producer","tt8364112,tt7286604"
nm9247139,Mike Myers,\N,\N,actor,"tt1302137,tt0460843"
nm9253219,Tom Davis,\N,\N,actor,tt7309462
nm9301955,Chris Parnell,\N,\N,nan,\N
nm9321275,Michael O'Donoghue,\N,\N,sound_department,"tt8526284,tt7465694,tt7615118"
nm9335986,Victoria Jackson,\N,\N,miscellaneous,tt0383760
nm9339453,Mike O'Brien,\N,\N,actor,tt7493170
nm9354190,Mike O'Brien,\N,\N,actor,tt7528072
nm9384729,Tracy Morgan,\N,\N,nan,\N
nm9390534,Tracy Morgan,\N,\N,editor,tt7587656
nm9395047,Colin Quinn,\N,\N,cinematographer,\N
nm9400036,Leslie Jones,\N,\N,actor,tt7604526
nm9401379,Joe Piscopo,\N,\N,nan,\N
nm9424876,Tom Davis,\N,\N,actor,tt7638698
nm9433183,Brad Hall,\N,\N,actor,tt0121946
nm9456219,Rob Schneider,\N,\N,actor,tt2642912
nm9502973,Mike Myers,\N,\N,camera_department,\N
nm9531701,Tim Robinson,\N,\N,nan,"tt0335620,tt0112193,tt0396362,tt9090184"
nm9546078,Mike O'Brien,\N,\N,animation_department,\N
nm9573578,Tracy Morgan,\N,\N,nan,"tt3644198,tt11833964"
nm9652008,Dennis Miller,\N,\N,"actor,assistant",tt3471592
nm9656009,Chris Elliott,\N,\N,"writer,producer",\N
nm9681546,Brad Hall,\N,\N,"director,producer",tt8106790
nm9737448,Julia Sweeney,\N,\N,miscellaneous,\N
nm9751499,Chris Rock,\N,\N,nan,\N
nm9772677,Rob Schneider,\N,\N,"cinematographer,editor,producer","tt8280446,tt11239422"
nm9790618,Punkie Johnson,\N,\N,"actress,writer,producer","tt5821764,tt5117666,tt7242698,tt7778796"
nm9825187,Sarah Sherman,\N,\N,art_director,tt8218988
nm9902053,Michael O'Donoghue,\N,\N,sound_department,tt1715425
nm9948379,Mike O'Brien,\N,\N,actor,tt8554874
nm9974827,Chris Parnell,\N,\N,nan,tt7396544
nm9978675,Jim Downey,\N,\N,director,\N
nm9982772,Chris Farley,\N,\N,nan,\N
nm9992272,Mary Gross,\N,\N,nan,tt0423652
